Workbook

Sheet Summary
A1: Masari test results - 28 Oct 2026 (run by Claude, not by you)
A3: Area | B3: Tests | C3: PASS | D3: FAIL | E3: SKIP | F3: Not done
A4: Admin site | B4: =COUNTIF(Results!$A$2:$A$68,"A*") | C4: =COUNTIFS(Results!$A$2:$A$68,"A*",Results!$E$2:$E$68,"PASS") | D4: =COUNTIFS(Results!$A$2:$A$68,"A*",Results!$E$2:$E$68,"FAIL") | E4: =COUNTIFS(Results!$A$2:$A$68,"A*",Results!$E$2:$E$68,"SKIP") | F4: =B4-C4-D4-E4
A5: Phone: signing in | B5: =COUNTIF(Results!$A$2:$A$68,"B*") | C5: =COUNTIFS(Results!$A$2:$A$68,"B*",Results!$E$2:$E$68,"PASS") | D5: =COUNTIFS(Results!$A$2:$A$68,"B*",Results!$E$2:$E$68,"FAIL") | E5: =COUNTIFS(Results!$A$2:$A$68,"B*",Results!$E$2:$E$68,"SKIP") | F5: =B5-C5-D5-E5
A6: Phone: sign-up with invitation | B6: =COUNTIF(Results!$A$2:$A$68,"C*") | C6: =COUNTIFS(Results!$A$2:$A$68,"C*",Results!$E$2:$E$68,"PASS") | D6: =COUNTIFS(Results!$A$2:$A$68,"C*",Results!$E$2:$E$68,"FAIL") | E6: =COUNTIFS(Results!$A$2:$A$68,"C*",Results!$E$2:$E$68,"SKIP") | F6: =B6-C6-D6-E6
A7: Main story (passenger, merchant, driver) | B7: =COUNTIF(Results!$A$2:$A$68,"D*") | C7: =COUNTIFS(Results!$A$2:$A$68,"D*",Results!$E$2:$E$68,"PASS") | D7: =COUNTIFS(Results!$A$2:$A$68,"D*",Results!$E$2:$E$68,"FAIL") | E7: =COUNTIFS(Results!$A$2:$A$68,"D*",Results!$E$2:$E$68,"SKIP") | F7: =B7-C7-D7-E7
A8: Smaller features | B8: =COUNTIF(Results!$A$2:$A$68,"E*") | C8: =COUNTIFS(Results!$A$2:$A$68,"E*",Results!$E$2:$E$68,"PASS") | D8: =COUNTIFS(Results!$A$2:$A$68,"E*",Results!$E$2:$E$68,"FAIL") | E8: =COUNTIFS(Results!$A$2:$A$68,"E*",Results!$E$2:$E$68,"SKIP") | F8: =B8-C8-D8-E8
A9: Must NOT work (safety) | B9: =COUNTIF(Results!$A$2:$A$68,"F*") | C9: =COUNTIFS(Results!$A$2:$A$68,"F*",Results!$E$2:$E$68,"PASS") | D9: =COUNTIFS(Results!$A$2:$A$68,"F*",Results!$E$2:$E$68,"FAIL") | E9: =COUNTIFS(Results!$A$2:$A$68,"F*",Results!$E$2:$E$68,"SKIP") | F9: =B9-C9-D9-E9
A10: Total | B10: =SUM(B4:B9) | C10: =SUM(C4:C9) | D10: =SUM(D4:D9) | E10: =SUM(E4:E9) | F10: =SUM(F4:F9)
A12: HOW IT WAS TESTED
A13: Automated API suite | B13: 30 of 30 checks passed, re-run after the registration change (roles, approvals, sign-up with driver and shop-owner documents, safety rules, and the existing story/feature smoke suites).
A14: Admin site in a real browser | B14: 22 of 22 checks passed (sign-in, language switch, all 11 pages, search, driver review, evidence form, CSV exports, sign-out, phone width).
A15: Android emulator, by hand-driven script | B15: Sign-in for every role, all three invited sign-ups, document upload through the file picker, the full trip from accept to completed, notifications, report a problem, offline message, Arabic home, restart, online/offline switch.
A16: Unit tests | B16: API 854, Admin 380, tooling 76 (2 skipped), app 634 - all passing.
A17: Re-test after the registration change | B17: Only the sign-up rows (C01, C03, C13, C16, C17) and the Arabic sign-up screens were re-run on the emulator. The other emulator rows are from the 28 Oct run, before the change.
A19: PROBLEMS FOUND AND FIXED
A20: 1. New accounts could never sign in | B20: Accounts created from an invitation have a phone number but no email, and sign-in only took an email. Now a verified phone number works (never for Admin accounts). Fixed in the API and the app's sign-in field.
A21: 2. The trip map was blank (grey) until touched | B21: Probably the map problem you noticed. The map never requested its tiles for the route view. Fixed; verified with a request log.
A22: 3. Sign-up changed | B22: Create account now asks Normal user / Driver / Shop owner first. Shop owners upload their papers; every pending screen says review takes up to 24 hours. A passenger no longer signs up with an invitation code in the app.
A23: 4. Small polish | B23: Arabic words on the English trip screen translated; zoom buttons no longer sit under the top buttons; the Admin site's missing browser icon added; the demo reset-key box now holds the real key.
A25: NOT TESTED BY ME
B26: A real phone (only the emulator); Arabic on every screen (checked sign-in, the role chooser, the invitation and pending screens, and the three role homes; no stray English found apart from names and the demo consent text); the percentage display of the acceptance rate; simulated tracking steps on the phone; opening the CSV files in Excel; clicking Admin triage, Download and the shop-owner Approve card in the browser; a normal user completing the email sign-up (needs a real email code); anything on a real server or real SMS.

Sheet Results
A1: ID | B1: Area | C1: What to do | D1: What you should see | E1: Result | F1: Evidence / notes
A2: A01 | B2: Admin site | C2: Open the site, sign in as the Admin | D2: Overview opens; your name shows in the header | E2: PASS | F2: Browser: signs in and lands on the overview.
A3: A02 | B3: Admin site | C3: Sign in with a wrong password | D3: A clear error; you stay on the sign-in screen | E3: PASS | F3: Browser: a wrong password shows a clear error and stays on sign-in.
A4: A03 | B4: Admin site | C4: Switch Arabic ⇄ English | D4: Whole page flips language and direction (right-to-left in Arabic); nothing overlaps or is cut off | E4: PASS | F4: Browser: Arabic <-> English flips direction and text, and flips back.
A5: A04 | B5: Admin site | C5: Open every item in the left menu, one by one | D5: Each page opens without a crash. Pages that are not built say so plainly (no fake numbers) | E5: PASS | F5: Browser: all 11 pages open with no crash and no failed request.
A6: A05 | B6: Admin site | C6: Overview cards | D6: Active drivers, Pending approvals (1 right after a reset: the pending demo driver) and Incidents show numbers, not errors | E6: PASS | F6: Browser: Active drivers, Pending approvals and Incidents cards show real numbers.
A7: A06 | B7: Admin site | C7: Users: search by name, filter by role and status | D7: Lists narrow correctly; the pending/rejected demo accounts are findable | E7: PASS | F7: Browser: search narrows the user list.
A8: A07 | B8: Admin site | C8: Users: open a user | D8: Detail shows role, status and no passwords or tokens | E8: PASS | F8: API: user detail contains no password, token or security fields.
A9: A08 | B9: Admin site | C9: Users: suspend a demo passenger with a reason, then reactivate | D9: Status changes and shows in the list; the reason is required for suspend | E9: PASS | F9: API (not clicked in the browser): suspend needs a reason, blocks sign-in; reactivate restores it.
A10: A09 | B10: Admin site | C10: Merchant approval: Users → filter Pending → Demo Pending Merchant → Approve | D10: Account becomes active. (Then sign that merchant in on the phone: it works) | E10: PASS | F10: API: approval works once, second approval refused (409); that merchant then signed in on the phone.
A11: A10 | B11: Admin site | C11: Reject a different pending merchant (use reset first if none left) with no reason, then with a reason | D11: Without a reason it refuses; with one the account is disabled | E11: PASS | F11: API: reject without a reason refused; with a reason the account is disabled and cannot sign in.
A12: A11 | B12: Admin site | C12: Drivers & verification → Pending → Demo Pending Driver | D12: Review panel opens with profile, vehicle section and a decision area | E12: PASS | F12: Browser: the pending driver's review panel opens with the decision buttons and the evidence form.
... A68: F06 | B68: Must NOT work (safety) | C68: Look through every screen for the words "push notification", "emergency", "live GPS", "payment", "earnings" used as if they work | D68: None claim a feature that is not built | E68: PASS | F68: Spot check of the screens: no claim of push, live GPS, payments or emergency response; earnings say not tracked.
