Workbook

Sheet Start here
A1: Masari test plan
A2: Everything runs on a disposable demo database. Nothing touches real data or a real SMS provider.
A4: HOW TO FILL IN
A5: 1. Go to the Tests sheet. | B5: Do each step, in order within each area.
A6: 2. Yellow cells are yours. | B6: Column E: choose PASS, FAIL or SKIP from the dropdown. Column F: for a FAIL write what you saw (a screenshot is a bonus).
A7: 3. Send the file back. | B7: Save it and send it to me. The Summary sheet counts the results automatically.
A9: EXAMPLE (not a test)
A10: A99 | Open the site | The page loads | B10: Result: PASS Notes: (empty is fine for a pass)
A11: A98 | Press the big button | A message appears | B11: Result: FAIL Notes: Nothing happened, the button stayed grey (screenshot attached)
A13: SETUP
A14: Admin site | B14: http://localhost:5173 (sign in: demo.admin@masari.app, password = DEMO_ADMIN_PASSWORD in apps/api/.env)
A15: API | B15: http://localhost:3000 (the emulator reaches it as http://10.0.2.2:3000)
A16: Phone sign-ins | B16: demo.passenger@masari.app, demo.driver@masari.app (and demo.driver2@masari.app), demo.merchant@masari.app. Passwords: DEMO_PASSENGER_PASSWORD, DEMO_DRIVER_PASSWORD, DEMO_MERCHANT_PASSWORD in apps/api/.env
A17: Sign-up invitation codes | B17: .staging-data/test-env/invitations.txt (passenger +970590002001, driver +970590002002, merchant +970590002003)
A18: One-time SMS codes | B18: No real SMS is sent. Open .staging-data/test-env/otp.txt and use the newest line.
A19: Sample files on the emulator | B19: licence.jpg (valid), vehicle-registration.pdf (valid), not-really-an-image.jpg (text pretending to be a photo) - all in Downloads
A20: Demo accounts waiting for review | B20: Demo Pending Merchant, Demo Pending Driver, Demo Rejected Driver
A21: Start everything | B21: pwsh -NoProfile -File scripts/test-env/start.ps1
A22: Back to a clean start | B22: pwsh -NoProfile -File scripts/test-env/reset-data.ps1 (do this before repeating sign-up or approval tests: they use things up)
A23: Stop everything | B23: pwsh -NoProfile -File scripts/test-env/stop.ps1
A24: Maps are grey or empty? | B24: The maps load tiles from OpenStreetMap, so the emulator needs internet. If a map is a grey box, close the emulator and start it again with: emulator -avd Medium_Phone_API_36.0 -no-snapshot-load -dns-server 8.8.8.8,1.1.1.1
A26: NOT IN SCOPE (do not report as bugs)
B27: Real SMS delivery (codes come from otp.txt), push notifications, payments, fares and earnings amounts, live tracking, PDF or Excel exports, maps and checkpoint feeds (switched off), and anything on a real server.

Sheet Tests
A1: ID | B1: Area | C1: What to do | D1: What you should see | E1: Result | F1: What you saw (notes)
A2: A01 | B2: Admin site | C2: Open the site, sign in as the Admin | D2: Overview opens; your name shows in the header
A3: A02 | B3: Admin site | C3: Sign in with a wrong password | D3: A clear error; you stay on the sign-in screen
A4: A03 | B4: Admin site | C4: Switch Arabic ⇄ English | D4: Whole page flips language and direction (right-to-left in Arabic); nothing overlaps or is cut off
A5: A04 | B5: Admin site | C5: Open every item in the left menu, one by one | D5: Each page opens without a crash. Pages that are not built say so plainly (no fake numbers)
A6: A05 | B6: Admin site | C6: Overview cards | D6: Active drivers, Pending approvals (1 right after a reset: the pending demo driver) and Incidents show numbers, not errors
A7: A06 | B7: Admin site | C7: Users: search by name, filter by role and status | D7: Lists narrow correctly; the pending/rejected demo accounts are findable
A8: A07 | B8: Admin site | C8: Users: open a user | D8: Detail shows role, status and no passwords or tokens
A9: A08 | B9: Admin site | C9: Users: suspend a demo passenger with a reason, then reactivate | D9: Status changes and shows in the list; the reason is required for suspend
A10: A09 | B10: Admin site | C10: Merchant approval: Users → filter Pending → Demo Pending Merchant → Approve | D10: Account becomes active. (Then sign that merchant in on the phone: it works)
A11: A10 | B11: Admin site | C11: Reject a different pending merchant (use reset first if none left) with no reason, then with a reason | D11: Without a reason it refuses; with one the account is disabled
A12: A11 | B12: Admin site | C12: Drivers & verification → Pending → Demo Pending Driver | D12: Review panel opens with profile, vehicle section and a decision area
A13: A12 | B13: Admin site | C13: In that review, record evidence: choose "Driver licence", add a short note, Record sighting | D13: It appears in the list with your name and time; the status text changes from "not collected"
... A69: F06 | B69: Must NOT work (safety) | C69: Look through every screen for the words "push notification", "emergency", "live GPS", "payment", "earnings" used as if they work | D69: None claim a feature that is not built

Sheet Summary
A1: Area | B1: Tests | C1: PASS | D1: FAIL | E1: SKIP | F1: Not done
A2: Admin site | B2: =COUNTIF(Tests!$A$2:$A$69,"A*") | C2: =COUNTIFS(Tests!$A$2:$A$69,"A*",Tests!$E$2:$E$69,"PASS") | D2: =COUNTIFS(Tests!$A$2:$A$69,"A*",Tests!$E$2:$E$69,"FAIL") | E2: =COUNTIFS(Tests!$A$2:$A$69,"A*",Tests!$E$2:$E$69,"SKIP") | F2: =B2-C2-D2-E2
A3: Phone: signing in | B3: =COUNTIF(Tests!$A$2:$A$69,"B*") | C3: =COUNTIFS(Tests!$A$2:$A$69,"B*",Tests!$E$2:$E$69,"PASS") | D3: =COUNTIFS(Tests!$A$2:$A$69,"B*",Tests!$E$2:$E$69,"FAIL") | E3: =COUNTIFS(Tests!$A$2:$A$69,"B*",Tests!$E$2:$E$69,"SKIP") | F3: =B3-C3-D3-E3
A4: Phone: sign-up with invitation | B4: =COUNTIF(Tests!$A$2:$A$69,"C*") | C4: =COUNTIFS(Tests!$A$2:$A$69,"C*",Tests!$E$2:$E$69,"PASS") | D4: =COUNTIFS(Tests!$A$2:$A$69,"C*",Tests!$E$2:$E$69,"FAIL") | E4: =COUNTIFS(Tests!$A$2:$A$69,"C*",Tests!$E$2:$E$69,"SKIP") | F4: =B4-C4-D4-E4
A5: Main story (passenger, merchant, driver) | B5: =COUNTIF(Tests!$A$2:$A$69,"D*") | C5: =COUNTIFS(Tests!$A$2:$A$69,"D*",Tests!$E$2:$E$69,"PASS") | D5: =COUNTIFS(Tests!$A$2:$A$69,"D*",Tests!$E$2:$E$69,"FAIL") | E5: =COUNTIFS(Tests!$A$2:$A$69,"D*",Tests!$E$2:$E$69,"SKIP") | F5: =B5-C5-D5-E5
A6: Smaller features | B6: =COUNTIF(Tests!$A$2:$A$69,"E*") | C6: =COUNTIFS(Tests!$A$2:$A$69,"E*",Tests!$E$2:$E$69,"PASS") | D6: =COUNTIFS(Tests!$A$2:$A$69,"E*",Tests!$E$2:$E$69,"FAIL") | E6: =COUNTIFS(Tests!$A$2:$A$69,"E*",Tests!$E$2:$E$69,"SKIP") | F6: =B6-C6-D6-E6
A7: Must NOT work (safety) | B7: =COUNTIF(Tests!$A$2:$A$69,"F*") | C7: =COUNTIFS(Tests!$A$2:$A$69,"F*",Tests!$E$2:$E$69,"PASS") | D7: =COUNTIFS(Tests!$A$2:$A$69,"F*",Tests!$E$2:$E$69,"FAIL") | E7: =COUNTIFS(Tests!$A$2:$A$69,"F*",Tests!$E$2:$E$69,"SKIP") | F7: =B7-C7-D7-E7
A8: Total | B8: =SUM(B2:B7) | C8: =SUM(C2:C7) | D8: =SUM(D2:D7) | E8: =SUM(E2:E7) | F8: =SUM(F2:F7)
A10: The counts update by themselves as you fill in the Tests sheet.
